gouvernorat,delegation_code,localite_fr,localite_ar,code_postal,alias,nom_ambigu,a_verifier
Ariana,ARI-KALAAT,Borj El Hadj,,2061,,,
Ariana,ARI-KALAAT,Cité Bir El Araies,,2022,Cite Bir El Araies,,
Ariana,ARI-KALAAT,Cité Des Martyrs,,2022,Cite Des Martyrs,,
Ariana,ARI-KALAAT,Cité El Fejja,,2022,Cite El Fejja,,
Ariana,ARI-KALAAT,Cité El Mourouj,,2022,Cite El Mourouj,,
Ariana,ARI-KALAAT,Cité El Oulja,,2022,Cite El Oulja,,
Ariana,ARI-KALAAT,Cité Essibous,,2022,Cite Essibous,,
Ariana,ARI-KALAAT,Cité Tarek Ibn Zied,,2022,Cite Tarek Ibn Zied,oui,
Ariana,ARI-KALAAT,El Misra,,2061,,,
Ariana,ARI-KALAAT,Ferme Hababou,,2061,,,
Ariana,ARI-KALAAT,Ferme Mustapha,,2061,,,
Ariana,ARI-KALAAT,Henchir Touba,,2061,,,
Ariana,ARI-KALAAT,Henchir Toubias,,2061,,,
Ariana,ARI-KALAAT,Kalaat Landlous,,2022,,,
Ariana,ARI-KALAAT,Pont De Bizerte,,2061,,,
Ariana,ARI-KALAAT,Autre,أخرى,,,,
Ariana,ARI-MNIHLA,Cité Ali Bourguiba,,2094,Cite Ali Bourguiba,,
Ariana,ARI-MNIHLA,Cité De La Republique,,2094,Cite De La Republique,,
Ariana,ARI-MNIHLA,Cité El Bassatine1,,2094,Cite El Bassatine1,,
Ariana,ARI-MNIHLA,Cité El Bassatine2,,2094,Cite El Bassatine2,,
Ariana,ARI-MNIHLA,Cité El Bassatine3,,2094,Cite El Bassatine3,,
Ariana,ARI-MNIHLA,Cité El Gouabsia,,2094,Cite El Gouabsia,,
Ariana,ARI-MNIHLA,Cité El Ouard,,2094,Cite El Ouard,,
Ariana,ARI-MNIHLA,Cité Ennasr,,2094,Cite Ennasr,oui,
Ariana,ARI-MNIHLA,Cité Essaada,,2094,Cite Essaada,oui,
Ariana,ARI-MNIHLA,Cité Rafaha,,2094,Cite Rafaha,,
Ariana,ARI-MNIHLA,Cité Rous El Harayek,,2094,Cite Rous El Harayek,,
Ariana,ARI-MNIHLA,Essanhaji,,2094,,,
Ariana,ARI-MNIHLA,Mnihla,,2094,,,
Ariana,ARI-MNIHLA,Résidence Ennasr,,2094,Residence Ennasr,,
Ariana,ARI-MNIHLA,Autre,أخرى,,,,
Ariana,ARI-RAOUED,Ariana Essoughra,,2081,,,
Ariana,ARI-RAOUED,Borj Touil,,2081,,,
Ariana,ARI-RAOUED,Bou Hnech,,2081,,,
Ariana,ARI-RAOUED,Cité 7 Novembre,,2056,Cite 7 Novembre,oui,
Ariana,ARI-RAOUED,Cité Aeroport,,2056,Cite Aeroport,,
Ariana,ARI-RAOUED,Cité Chaker,,2081,Cite Chaker,,
Ariana,ARI-RAOUED,Cité Chargui,,2056,Cite Chargui,,
Ariana,ARI-RAOUED,Cité De La Mosque,,2081,Cite De La Mosque,,
Ariana,ARI-RAOUED,Cité De La Rtt 2,,2083,Cite De La Rtt 2,,
Ariana,ARI-RAOUED,Cité Des Juges,,2056,Cite Des Juges,oui,
Ariana,ARI-RAOUED,Cité El Abadla,,2083,Cite El Abadla,,
Ariana,ARI-RAOUED,Cité El Amel,,2083,Cite El Amel,oui,
Ariana,ARI-RAOUED,Cité El Ghazala 1,,2083,Cite El Ghazala 1,,
Ariana,ARI-RAOUED,Cité El Ghazala 2,,2083,Cite El Ghazala 2,,
Ariana,ARI-RAOUED,Cité El Mouaouiet,,2081,Cite El Mouaouiet,,
Ariana,ARI-RAOUED,Cité El Mountazeh,,2081,Cite El Mountazeh,,
Ariana,ARI-RAOUED,Cité El Wafa,,2083,Cite El Wafa,oui,
Ariana,ARI-RAOUED,Cité El Yamama,,2056,Cite El Yamama,,
Ariana,ARI-RAOUED,Cité Ennasr,,2083,Cite Ennasr,oui,
Ariana,ARI-RAOUED,Cité Ennkhilet,,2083,Cite Ennkhilet,,
Ariana,ARI-RAOUED,Cité Ennour Jaafar,,2081,Cite Ennour Jaafar,,
Ariana,ARI-RAOUED,Cité Erriadh,,2081,Cite Erriadh,oui,
Ariana,ARI-RAOUED,Cité Essaada,,2081,Cite Essaada,oui,
Ariana,ARI-RAOUED,Cité Essahafa,,2083,Cite Essahafa,,
Ariana,ARI-RAOUED,Cité Ibn Rachik,,2083,Cite Ibn Rachik,,
Ariana,ARI-RAOUED,Cité Mehrzia 2,,2083,Cite Mehrzia 2,,
Ariana,ARI-RAOUED,Cité Sidi Salah,,2056,Cite Sidi Salah,,
Ariana,ARI-RAOUED,Cité Sidi Slimene,,2081,Cite Sidi Slimene,,
Ariana,ARI-RAOUED,Cité Snit,,2081,Cite Snit,oui,
Ariana,ARI-RAOUED,Cité Zghab,,2056,Cite Zghab,,
Ariana,ARI-RAOUED,Complexe Technologique,,2088,,,
Ariana,ARI-RAOUED,Douar El Hendi,,2081,,,
Ariana,ARI-RAOUED,El Brarja,,2056,,,
Ariana,ARI-RAOUED,El Hessiene,,2081,,,
Ariana,ARI-RAOUED,Jaafar 1,,2083,,,
Ariana,ARI-RAOUED,Jaafar 2,,2083,,,
Ariana,ARI-RAOUED,Oued El Khayat,,2081,,,
Ariana,ARI-RAOUED,Oued El Makhzen,,2081,,,
Ariana,ARI-RAOUED,Raoued,,2056,,,
Ariana,ARI-RAOUED,Route Ezzaouia,,2081,,,
Ariana,ARI-RAOUED,Résidence El Ayech,,2081,Residence El Ayech,,
Ariana,ARI-RAOUED,Résidence El Ouns,,2081,Residence El Ouns,oui,
Ariana,ARI-RAOUED,Résidence Ennarjes,,2081,Residence Ennarjes,,
Ariana,ARI-RAOUED,Résidence Essalem,,2081,Residence Essalem,,
Ariana,ARI-RAOUED,Résidence Rim,,2081,Residence Rim,,
Ariana,ARI-RAOUED,Autre,أخرى,,,,
Ariana,ARI-SIDITHABET,Bejaoua 2,,2020,,,
Ariana,ARI-SIDITHABET,Borj El Khoukha,,2032,,,
Ariana,ARI-SIDITHABET,Borj Youssef,,2032,,,
Ariana,ARI-SIDITHABET,Cebalet Ben Ammar,,2032,,,
Ariana,ARI-SIDITHABET,Chorfech,,2057,,,
Ariana,ARI-SIDITHABET,Chorfech 12,,2032,,,
Ariana,ARI-SIDITHABET,Chorfech 2,,2057,,,
Ariana,ARI-SIDITHABET,Chorfech 24,,2057,,,
Ariana,ARI-SIDITHABET,Chorfech 8,,2057,,,
Ariana,ARI-SIDITHABET,Cité 18 Janvier,,2020,Cite 18 Janvier,oui,
Ariana,ARI-SIDITHABET,Cité Afh,,2020,Cite Afh,oui,
Ariana,ARI-SIDITHABET,Cité Des Agriculteurs,,2020,Cite Des Agriculteurs,,
Ariana,ARI-SIDITHABET,Cité Des Oranges,,2020,Cite Des Oranges,,
Ariana,ARI-SIDITHABET,Cité Dridi,,2032,Cite Dridi,,
Ariana,ARI-SIDITHABET,Cité El Bokri,,2032,Cite El Bokri,,
Ariana,ARI-SIDITHABET,Cité El Frachich,,2032,Cite El Frachich,,
Ariana,ARI-SIDITHABET,Cité El Ghribi,,2032,Cite El Ghribi,,
Ariana,ARI-SIDITHABET,Cité El Gouazine,,2020,Cite El Gouazine,,
Ariana,ARI-SIDITHABET,Cité El Mbarka,,2020,Cite El Mbarka,,
Ariana,ARI-SIDITHABET,Cité El Methalithe,,2032,Cite El Methalithe,,
Ariana,ARI-SIDITHABET,Cité El Mrezgua,,2020,Cite El Mrezgua,,
Ariana,ARI-SIDITHABET,Cité Essaada,,2020,Cite Essaada,oui,
Ariana,ARI-SIDITHABET,Cité Ettbaieb,,2020,Cite Ettbaieb,,
Ariana,ARI-SIDITHABET,Cité Jardins,,2020,Cite Jardins,oui,
Ariana,ARI-SIDITHABET,Cité Messouda,,2032,Cite Messouda,,
Ariana,ARI-SIDITHABET,Cité Mongi Slim,,2020,Cite Mongi Slim,oui,
Ariana,ARI-SIDITHABET,Cité Ouvriere,,2032,Cite Ouvriere,,
Ariana,ARI-SIDITHABET,Cité Sidi Marouane,,2032,Cite Sidi Marouane,,
Ariana,ARI-SIDITHABET,Ezzaouia,,2032,,,
Ariana,ARI-SIDITHABET,Jabbes,,2032,,,
Ariana,ARI-SIDITHABET,Jabbes El Borj,,2032,,,
Ariana,ARI-SIDITHABET,Sidi Thabet,,2020,,,
Ariana,ARI-SIDITHABET,Autre,أخرى,,,,
Ariana,ARI-SOUKRA,Aeroport Tunis Carthage,,2035,,,
Ariana,ARI-SOUKRA,Borj Louzir,,2073,,,
Ariana,ARI-SOUKRA,Charguia 1,,2035,,,
Ariana,ARI-SOUKRA,Charguia 2,,2035,,,
Ariana,ARI-SOUKRA,Chotrana 1,,2036,,,
Ariana,ARI-SOUKRA,Chotrana 2,,2036,,,
Ariana,ARI-SOUKRA,Chotrana 3,,2036,,,
Ariana,ARI-SOUKRA,Cité Astree,,2036,Cite Astree,,
Ariana,ARI-SOUKRA,Cité Belabla,,2036,Cite Belabla,,
Ariana,ARI-SOUKRA,Cité Ben Hessine,,2036,Cite Ben Hessine,,
Ariana,ARI-SOUKRA,Cité Ben Kilani,,2073,Cite Ben Kilani,,
Ariana,ARI-SOUKRA,Cité Bou Fares,,2036,Cite Bou Fares,,
Ariana,ARI-SOUKRA,Cité Chouachia,,2036,Cite Chouachia,,
Ariana,ARI-SOUKRA,Cité Chouchene,,2036,Cite Chouchene,,
Ariana,ARI-SOUKRA,Cité De L'Aeroport,,2036,Cite De L'Aeroport,,
Ariana,ARI-SOUKRA,Cité De La Sante,,2073,Cite De La Sante,oui,
Ariana,ARI-SOUKRA,Cité De La Terre Libre,,2036,Cite De La Terre Libre,,
Ariana,ARI-SOUKRA,Cité Des Juges,,2036,Cite Des Juges,oui,
Ariana,ARI-SOUKRA,Cité El Azzef,,2036,Cite El Azzef,,
Ariana,ARI-SOUKRA,Cité El Behi Ladghem,,2073,Cite El Behi Ladghem,,
Ariana,ARI-SOUKRA,Cité El Boustene 1,,2036,Cite El Boustene 1,oui,
Ariana,ARI-SOUKRA,Cité El Boustene 2,,2036,Cite El Boustene 2,oui,
Ariana,ARI-SOUKRA,Cité El Feth,,2073,Cite El Feth,,
Ariana,ARI-SOUKRA,Cité El Hana,,2073,Cite El Hana,oui,
Ariana,ARI-SOUKRA,Cité El Henaya,,2036,Cite El Henaya,,
Ariana,ARI-SOUKRA,Cité El Maid,,2036,Cite El Maid,,
Ariana,ARI-SOUKRA,Cité El Mansoura,,2073,Cite El Mansoura,,
Ariana,ARI-SOUKRA,Cité El Ouroud,,2073,Cite El Ouroud,,
Ariana,ARI-SOUKRA,Cité Elyes,,2036,Cite Elyes,,
Ariana,ARI-SOUKRA,Cité Ennacim,,2073,Cite Ennacim,oui,
Ariana,ARI-SOUKRA,Cité Ennouzha 3,,2073,Cite Ennouzha 3,,
Ariana,ARI-SOUKRA,Cité Ettaamir,,2036,Cite Ettaamir,,
Ariana,ARI-SOUKRA,Cité Ettaamir 5,,2073,Cite Ettaamir 5,,
Ariana,ARI-SOUKRA,Cité Ezzitoun 1,,2036,Cite Ezzitoun 1,oui,
Ariana,ARI-SOUKRA,Cité Ezzitoun 2,,2036,Cite Ezzitoun 2,oui,
Ariana,ARI-SOUKRA,Cité Ezzouaidia,,2036,Cite Ezzouaidia,,
Ariana,ARI-SOUKRA,Cité Farhat,,2036,Cite Farhat,,
Ariana,ARI-SOUKRA,Cité Fateh,,2036,Cite Fateh,,
Ariana,ARI-SOUKRA,Cité Fonciere,,2036,Cite Fonciere,,
Ariana,ARI-SOUKRA,Cité Ghouzaila,,2073,Cite Ghouzaila,,
Ariana,ARI-SOUKRA,Cité Hedi Nouira,,2073,Cite Hedi Nouira,,
Ariana,ARI-SOUKRA,Cité Jebira,,2073,Cite Jebira,,
Ariana,ARI-SOUKRA,Cité Snit,,2036|2073,Cite Snit,oui,plusieurs codes postaux
Ariana,ARI-SOUKRA,Cité Star,,2073,Cite Star,oui,
Ariana,ARI-SOUKRA,Cité Touilia,,2036,Cite Touilia,,
Ariana,ARI-SOUKRA,Dar Fadhal,,2036,,,
Ariana,ARI-SOUKRA,La Soukra,,2036,,,
Ariana,ARI-SOUKRA,Mosque Erraoudha,,2036,,,
Ariana,ARI-SOUKRA,Résidence 26-26,,2036,Residence 26-26,,
Ariana,ARI-SOUKRA,Résidence Ahlem,,2036,Residence Ahlem,,
Ariana,ARI-SOUKRA,Résidence El Ouns,,2073,Residence El Ouns,oui,
Ariana,ARI-SOUKRA,Résidence Ennesrine,,2073,Residence Ennesrine,oui,
Ariana,ARI-SOUKRA,Résidence Meriem,,2036,Residence Meriem,oui,
Ariana,ARI-SOUKRA,Sidi Frej,,2036,,,
Ariana,ARI-SOUKRA,Sidi Salah,,2036,,,
Ariana,ARI-SOUKRA,Sidi Soufiene,,2036,,,
Ariana,ARI-SOUKRA,Station Marchandises Fret,,2035,,,
Ariana,ARI-SOUKRA,Village Essahli,,2036,,,
Ariana,ARI-SOUKRA,Autre,أخرى,,,,
Ariana,ARI-TADHAMEN,Cité 18 Janvier,,2041,Cite 18 Janvier,oui,
Ariana,ARI-TADHAMEN,Cité Ben Yerfes,,2041,Cite Ben Yerfes,,
Ariana,ARI-TADHAMEN,Cité El Houda,,2041,Cite El Houda,oui,
Ariana,ARI-TADHAMEN,Cité Ennasser,,2041,Cite Ennasser,,
Ariana,ARI-TADHAMEN,Cité Ettadhamen,,2041,Cite Ettadhamen,,
Ariana,ARI-TADHAMEN,Cité Ettayarene,,2041,Cite Ettayarene,,
Ariana,ARI-TADHAMEN,Cité Sfar,,2041,Cite Sfar,,
Ariana,ARI-TADHAMEN,Cité Snit 2,,2041,Cite Snit 2,,
Ariana,ARI-TADHAMEN,Cité Snit Nagra,,2041,Cite Snit Nagra,,
Ariana,ARI-TADHAMEN,Autre,أخرى,,,,
Ariana,ARI-VILLE,Ariana,,2080,,,
Ariana,ARI-VILLE,Borj El Baccouche,,2027,,,
Ariana,ARI-VILLE,Centre Commercial Ikram,,2037,,,
Ariana,ARI-VILLE,Cité Belvedere 2,,2091,Cite Belvedere 2,,
Ariana,ARI-VILLE,Cité Borj Turki 1,,2058,Cite Borj Turki 1,,
Ariana,ARI-VILLE,Cité Borj Turki 2,,2058,Cite Borj Turki 2,,
Ariana,ARI-VILLE,Cité De La Sante,,2058,Cite De La Sante,oui,
Ariana,ARI-VILLE,Cité Des Roses,,2080,Cite Des Roses,,
Ariana,ARI-VILLE,Cité Du Jardin,,2080,Cite Du Jardin,oui,
Ariana,ARI-VILLE,Cité Du Printemps,,2080,Cite Du Printemps,,
Ariana,ARI-VILLE,Cité Du Soleil,,2091,Cite Du Soleil,,
Ariana,ARI-VILLE,Cité El Intissar 1,,2091,Cite El Intissar 1,,
Ariana,ARI-VILLE,Cité El Intissar 2,,2091,Cite El Intissar 2,,
Ariana,ARI-VILLE,Cité Ennasr 1,,2037,Cite Ennasr 1|Ennasr 1|Nasr 1,oui,
Ariana,ARI-VILLE,Cité Ennasr 2,,2037,Cite Ennasr 2|Ennasr 2|Nasr 2,oui,
Ariana,ARI-VILLE,Cité Ennouzha,,2080,Cite Ennouzha,oui,
Ariana,ARI-VILLE,Cité Essaada (Ariana),,2080,Cite Essaada (Ariana),,
Ariana,ARI-VILLE,Cité Essaada (Riadh Andalous),,2058,Cite Essaada (Riadh Andalous),,
Ariana,ARI-VILLE,Cité Jaafar,,2080,Cite Jaafar,,
Ariana,ARI-VILLE,Cité Jamil,,2091,Cite Jamil,,
Ariana,ARI-VILLE,Cité Karim,,2058,Cite Karim,,
Ariana,ARI-VILLE,Cité Mehrzia 1,,2058,Cite Mehrzia 1,,
Ariana,ARI-VILLE,El Menzah 5,,2091,,,
Ariana,ARI-VILLE,El Menzah 6,,2091,,,
Ariana,ARI-VILLE,El Menzah 7,,2037,,,
Ariana,ARI-VILLE,El Menzah 8,,2037,,,
Ariana,ARI-VILLE,Les Jardins d'El Menzah,,,Jardins d'El Menzah|Jardins El Menzah,,délégation à confirmer
Ariana,ARI-VILLE,Nouvelle Ariana,,2080,,,
Ariana,ARI-VILLE,Riadh Landlous,,2058,,,
Ariana,ARI-VILLE,Résidence El Ouns,,2058,Residence El Ouns,oui,
Ariana,ARI-VILLE,Résidence Ennour (Ariana),,2080,Residence Ennour (Ariana),,
Ariana,ARI-VILLE,Résidence Ennour (Naser 1),,2037,Residence Ennour (Naser 1),,
Ariana,ARI-VILLE,Résidence Ennour (Naser 2),,2037,Residence Ennour (Naser 2),,
Ariana,ARI-VILLE,Résidence Ibn Zeidoun,,2058,Residence Ibn Zeidoun,oui,
Ariana,ARI-VILLE,Résidence Ichbilia,,2058,Residence Ichbilia,,
Ariana,ARI-VILLE,Résidence Kortoba,,2058,Residence Kortoba,,
Ariana,ARI-VILLE,Autre,أخرى,,,,
Ben Arous,BEN-BOUMHEL,Bou Mhel,,2097,,,
Ben Arous,BEN-BOUMHEL,Cité Ben Gamra,,2097,Cite Ben Gamra,,
Ben Arous,BEN-BOUMHEL,Cité Ben Joud,,2097,Cite Ben Joud,,
Ben Arous,BEN-BOUMHEL,Cité Bou Mhel,,2097,Cite Bou Mhel,,
Ben Arous,BEN-BOUMHEL,Cité Boutouria,,2097,Cite Boutouria,,
Ben Arous,BEN-BOUMHEL,Cité Chebil,,2097,Cite Chebil,,
Ben Arous,BEN-BOUMHEL,Cité De L'Interieur,,2097,Cite De L'Interieur,,
Ben Arous,BEN-BOUMHEL,Cité Des Juges,,2097,Cite Des Juges,oui,
Ben Arous,BEN-BOUMHEL,Cité Diar Tounes,,2097,Cite Diar Tounes,,
Ben Arous,BEN-BOUMHEL,Cité El Ahmadi,,2097,Cite El Ahmadi,oui,
Ben Arous,BEN-BOUMHEL,Cité El Amen,,2097,Cite El Amen,oui,
Ben Arous,BEN-BOUMHEL,Cité El Assil,,2097,Cite El Assil,,
Ben Arous,BEN-BOUMHEL,Cité El Bassatine Ancien,,2097,Cite El Bassatine Ancien,,
Ben Arous,BEN-BOUMHEL,Cité El Ferchichi,,2097,Cite El Ferchichi,,
Ben Arous,BEN-BOUMHEL,Cité El Iklil,,2097,Cite El Iklil,,
Ben Arous,BEN-BOUMHEL,Cité El Kenani,,2097,Cite El Kenani,,
Ben Arous,BEN-BOUMHEL,Cité El Khalij,,2097,Cite El Khalij,,
Ben Arous,BEN-BOUMHEL,Cité El Khalledi,,2097,Cite El Khalledi,,
Ben Arous,BEN-BOUMHEL,Cité El Mahrajene 1,,2097,Cite El Mahrajene 1,,
Ben Arous,BEN-BOUMHEL,Cité El Mahrajene 2,,2097,Cite El Mahrajene 2,,
Ben Arous,BEN-BOUMHEL,Cité El Mouna,,2097,Cite El Mouna,,
Ben Arous,BEN-BOUMHEL,Cité El Wafa,,2097,Cite El Wafa,oui,
Ben Arous,BEN-BOUMHEL,Cité Ennacim 1,,2097,Cite Ennacim 1,oui,
Ben Arous,BEN-BOUMHEL,Cité Ennacim 2,,2097,Cite Ennacim 2,oui,
Ben Arous,BEN-BOUMHEL,Cité Essafa,,2097,Cite Essafa,,
Ben Arous,BEN-BOUMHEL,Cité Essalem,,2097,Cite Essalem,oui,
Ben Arous,BEN-BOUMHEL,Cité Hadrich,,2097,Cite Hadrich,,
Ben Arous,BEN-BOUMHEL,Cité Jlassi,,2097,Cite Jlassi,,
Ben Arous,BEN-BOUMHEL,Cité Mezriou,,2097,Cite Mezriou,,
Ben Arous,BEN-BOUMHEL,Cité Plein Air,,2097,Cite Plein Air,,
Ben Arous,BEN-BOUMHEL,Cité Rabiaa,,2097,Cite Rabiaa,,
Ben Arous,BEN-BOUMHEL,Cité Snit,,2097,Cite Snit,oui,
Ben Arous,BEN-BOUMHEL,Cité Sprols,,2097,Cite Sprols,oui,
Ben Arous,BEN-BOUMHEL,Résidence Du Mediterrane,,2097,Residence Du Mediterrane,,
Ben Arous,BEN-BOUMHEL,Résidence El Imara,,2097,Residence El Imara,,
Ben Arous,BEN-BOUMHEL,Résidence Ennacim,,2097,Residence Ennacim,oui,
Ben Arous,BEN-BOUMHEL,Résidence Ezzouhour,,2097,Residence Ezzouhour,,
Ben Arous,BEN-BOUMHEL,Résidence Sarra,,2097,Residence Sarra,,
Ben Arous,BEN-BOUMHEL,Résidence Sirine,,2097,Residence Sirine,,
Ben Arous,BEN-BOUMHEL,Autre,أخرى,,,,
Ben Arous,BEN-EZZAHRA,Cité 18 Janvier,,2034,Cite 18 Janvier,oui,
Ben Arous,BEN-EZZAHRA,Cité Ben Miled,,2065,Cite Ben Miled,,
Ben Arous,BEN-EZZAHRA,Cité Borj Louzir,,2034,Cite Borj Louzir,,
Ben Arous,BEN-EZZAHRA,Cité Du Port,,2034,Cite Du Port,,
Ben Arous,BEN-EZZAHRA,Cité Du Wagon,,2034,Cite Du Wagon,,
Ben Arous,BEN-EZZAHRA,Cité El Ahlem,,2034,Cite El Ahlem,,
Ben Arous,BEN-EZZAHRA,Cité El Akacia,,2034,Cite El Akacia,,
Ben Arous,BEN-EZZAHRA,Cité El Amen,,2034,Cite El Amen,oui,
Ben Arous,BEN-EZZAHRA,Cité El Ezz,,2034,Cite El Ezz,oui,
Ben Arous,BEN-EZZAHRA,Cité El Habib,,2065,Cite El Habib,oui,
Ben Arous,BEN-EZZAHRA,Cité El Houl,,2065,Cite El Houl,,
Ben Arous,BEN-EZZAHRA,Cité El Oulija,,2034,Cite El Oulija,,
Ben Arous,BEN-EZZAHRA,Cité El Ouns,,2034,Cite El Ouns,oui,
Ben Arous,BEN-EZZAHRA,Cité El Ward,,2065,Cite El Ward,oui,
Ben Arous,BEN-EZZAHRA,Cité El Yasmine,,2065,Cite El Yasmine,,
Ben Arous,BEN-EZZAHRA,Cité Ennakhil 1,,2034,Cite Ennakhil 1,,
Ben Arous,BEN-EZZAHRA,Cité Ennakhil 2,,2034,Cite Ennakhil 2,,
Ben Arous,BEN-EZZAHRA,Cité Ennasr,,2065,Cite Ennasr,oui,
Ben Arous,BEN-EZZAHRA,Cité Errachid,,2034,Cite Errachid,,
Ben Arous,BEN-EZZAHRA,Cité Erriadh,,2034,Cite Erriadh,oui,
Ben Arous,BEN-EZZAHRA,Cité Hedi Khfacha,,2034,Cite Hedi Khfacha,,
Ben Arous,BEN-EZZAHRA,Cité Imen,,2034,Cite Imen,,
Ben Arous,BEN-EZZAHRA,Cité Industrielle,,2034,Cite Industrielle,,
Ben Arous,BEN-EZZAHRA,Cité Mrad 1,,2034,Cite Mrad 1,oui,
Ben Arous,BEN-EZZAHRA,Cité Mrad 2,,2034,Cite Mrad 2,oui,
Ben Arous,BEN-EZZAHRA,Cité Panorama,,2034,Cite Panorama,,
Ben Arous,BEN-EZZAHRA,Ezzahra,,2034,,oui,
Ben Arous,BEN-EZZAHRA,Ezzahra El Habib,,2065,,,
Ben Arous,BEN-EZZAHRA,Autre,أخرى,,,,
Ben Arous,BEN-FOUCHANA,Bir Zendala,,1135,,,
Ben Arous,BEN-FOUCHANA,Chebedda,,1135,,,
Ben Arous,BEN-FOUCHANA,Cité 20 Mars,,2082,Cite 20 Mars,oui,
Ben Arous,BEN-FOUCHANA,Cité Brim,,2082,Cite Brim,,
Ben Arous,BEN-FOUCHANA,Cité Chebbi,,2082,Cite Chebbi,oui,
Ben Arous,BEN-FOUCHANA,Cité El Amel,,2082,Cite El Amel,oui,
Ben Arous,BEN-FOUCHANA,Cité El Amel 2,,2082,Cite El Amel 2,,
Ben Arous,BEN-FOUCHANA,Cité El Banefsej,,2082,Cite El Banefsej,,
Ben Arous,BEN-FOUCHANA,Cité El Fateh,,2082,Cite El Fateh,oui,
Ben Arous,BEN-FOUCHANA,Cité El Hana,,2082,Cite El Hana,oui,
Ben Arous,BEN-FOUCHANA,Cité El Hidhab,,2082,Cite El Hidhab,,
Ben Arous,BEN-FOUCHANA,Cité El Izdihar,,2082,Cite El Izdihar,oui,
Ben Arous,BEN-FOUCHANA,Cité El Misk,,2082,Cite El Misk,,
Ben Arous,BEN-FOUCHANA,Cité El Moustakbel,,2082,Cite El Moustakbel,,
Ben Arous,BEN-FOUCHANA,Cité El Ward,,2082,Cite El Ward,oui,
Ben Arous,BEN-FOUCHANA,Cité El Wifak,,2082,Cite El Wifak,oui,
Ben Arous,BEN-FOUCHANA,Cité Ennasr,,2082,Cite Ennasr,oui,
Ben Arous,BEN-FOUCHANA,Cité Ennouzha,,2082,Cite Ennouzha,oui,
Ben Arous,BEN-FOUCHANA,Cité Erriadh,,2082,Cite Erriadh,oui,
Ben Arous,BEN-FOUCHANA,Cité Ezzitoun 1,,2082,Cite Ezzitoun 1,oui,
Ben Arous,BEN-FOUCHANA,Cité Khouaja,,2082,Cite Khouaja,,
Ben Arous,BEN-FOUCHANA,Cité Snit,,2082,Cite Snit,oui,
Ben Arous,BEN-FOUCHANA,Cité Trabelsi,,2082,Cite Trabelsi,oui,
Ben Arous,BEN-FOUCHANA,Douar El Houch,,1135,,,
Ben Arous,BEN-FOUCHANA,El Menaychia,,2082,,,
Ben Arous,BEN-FOUCHANA,Fouchana,,2082,,,
Ben Arous,BEN-FOUCHANA,Meghira Centre,,2082,,,
Ben Arous,BEN-FOUCHANA,Meghira Inzel,,2082,,,
Ben Arous,BEN-FOUCHANA,Naassen,,1135,,,
Ben Arous,BEN-FOUCHANA,Zone Industrielle El Meghira,,2082,,,
Ben Arous,BEN-FOUCHANA,Autre,أخرى,,,,
Ben Arous,BEN-HAMMAMCHOTT,Bir El Bey,,2055,,,
Ben Arous,BEN-HAMMAMCHOTT,Borj Cedria,,2084,,,
Ben Arous,BEN-HAMMAMCHOTT,Hammam Chatt,,1164,,,
Ben Arous,BEN-HAMMAMCHOTT,Autre,أخرى,,,,
Ben Arous,BEN-HAMMAMLIF,Bou Kornine,,2093,,,
Ben Arous,BEN-HAMMAMLIF,Cité 7 Novembre,,2050,Cite 7 Novembre,oui,
Ben Arous,BEN-HAMMAMLIF,Cité Bou Kornine 2,,2093,Cite Bou Kornine 2,,
Ben Arous,BEN-HAMMAMLIF,Cité Boussouffara,,2099,Cite Boussouffara,,
Ben Arous,BEN-HAMMAMLIF,Cité Casino,,2050,Cite Casino,,
Ben Arous,BEN-HAMMAMLIF,Cité Dar El Bey,,2050,Cite Dar El Bey,,
Ben Arous,BEN-HAMMAMLIF,Cité De La Municipalite,,2050,Cite De La Municipalite,,
Ben Arous,BEN-HAMMAMLIF,Cité Des Instituteurs,,2050,Cite Des Instituteurs,,
Ben Arous,BEN-HAMMAMLIF,Cité Des Ouvriers,,2050,Cite Des Ouvriers,,
Ben Arous,BEN-HAMMAMLIF,Cité Ennahdha,,2050,Cite Ennahdha,,
Ben Arous,BEN-HAMMAMLIF,Cité Ennasr,,2050,Cite Ennasr,oui,
Ben Arous,BEN-HAMMAMLIF,Cité Ennouzha,,2050,Cite Ennouzha,oui,
Ben Arous,BEN-HAMMAMLIF,Cité Essanaoubria,,2050,Cite Essanaoubria,,
Ben Arous,BEN-HAMMAMLIF,Cité Hached,,2050,Cite Hached,oui,
Ben Arous,BEN-HAMMAMLIF,Cité Kortoba,,2050,Cite Kortoba,,
Ben Arous,BEN-HAMMAMLIF,Cité Mongi Slim,,2050,Cite Mongi Slim,oui,
Ben Arous,BEN-HAMMAMLIF,Cité Office Cereale,,2050,Cite Office Cereale,,
Ben Arous,BEN-HAMMAMLIF,Cité Thermale,,2050,Cite Thermale,,
Ben Arous,BEN-HAMMAMLIF,Hammam Lif,,2050,,,
Ben Arous,BEN-HAMMAMLIF,Autre,أخرى,,,,
Ben Arous,BEN-MEDINAJEDIDA,El Yasminette,,2096,,,
Ben Arous,BEN-MEDINAJEDIDA,Nouvelle Medina,,2063,,,
Ben Arous,BEN-MEDINAJEDIDA,Autre,أخرى,,,,
Ben Arous,BEN-MEGRINE,Cité Founiz,,2014,Cite Founiz,,
Ben Arous,BEN-MEGRINE,Megrine,,2033,,,
Ben Arous,BEN-MEGRINE,Megrine Chaker,,2024,,,
Ben Arous,BEN-MEGRINE,Megrine Coteau,,2033,,,
Ben Arous,BEN-MEGRINE,Megrine Jaouhara,,2024,,,
Ben Arous,BEN-MEGRINE,Megrine Riadh,,2014,,,
Ben Arous,BEN-MEGRINE,Megrine Superieur,,2033,,,
Ben Arous,BEN-MEGRINE,Saint Gobin,,2014,,,
Ben Arous,BEN-MEGRINE,Sidi Rezig,,2033,,,
Ben Arous,BEN-MEGRINE,Zone Industrielle Saint Gobin,,2014,,,
Ben Arous,BEN-MEGRINE,Autre,أخرى,,,,
Ben Arous,BEN-MOHAMEDIA,Cité Bou Akroucha,,1145,Cite Bou Akroucha,,
Ben Arous,BEN-MOHAMEDIA,Cité Bourbai,,1145,Cite Bourbai,,
Ben Arous,BEN-MOHAMEDIA,Cité Cebbalet Chikh,,1145,Cite Cebbalet Chikh,,
Ben Arous,BEN-MOHAMEDIA,Cité Chaabane,,1145,Cite Chaabane,,
Ben Arous,BEN-MOHAMEDIA,Cité Chebbi,,1145,Cite Chebbi,oui,
Ben Arous,BEN-MOHAMEDIA,Cité De La Carriere 1,,1145,Cite De La Carriere 1,,
Ben Arous,BEN-MOHAMEDIA,Cité De La Carriere 2,,1145,Cite De La Carriere 2,,
Ben Arous,BEN-MOHAMEDIA,Cité Du Lycee,,1145,Cite Du Lycee,,
Ben Arous,BEN-MOHAMEDIA,Cité El Amen,,1145,Cite El Amen,oui,
Ben Arous,BEN-MOHAMEDIA,Cité El Atiq,,1145,Cite El Atiq,,
Ben Arous,BEN-MOHAMEDIA,Cité El Baccouch,,1145,Cite El Baccouch,,
Ben Arous,BEN-MOHAMEDIA,Cité El Bassatine,,1145,Cite El Bassatine,oui,
Ben Arous,BEN-MOHAMEDIA,Cité El Elmi 1,,1145,Cite El Elmi 1,,
Ben Arous,BEN-MOHAMEDIA,Cité El Elmi 2,,1145,Cite El Elmi 2,,
Ben Arous,BEN-MOHAMEDIA,Cité El Haddad,,1145,Cite El Haddad,,
Ben Arous,BEN-MOHAMEDIA,Cité El Hana,,1145,Cite El Hana,oui,
Ben Arous,BEN-MOHAMEDIA,Cité El Ksar,,1145,Cite El Ksar,,
Ben Arous,BEN-MOHAMEDIA,Cité El Omri 1,,1145,Cite El Omri 1,,
Ben Arous,BEN-MOHAMEDIA,Cité El Omri 2,,1145,Cite El Omri 2,,
Ben Arous,BEN-MOHAMEDIA,Cité Ellouata,,1145,Cite Ellouata,,
Ben Arous,BEN-MOHAMEDIA,Cité Ennacim 1,,1145,Cite Ennacim 1,oui,
Ben Arous,BEN-MOHAMEDIA,Cité Ennacim 2,,1145,Cite Ennacim 2,oui,
Ben Arous,BEN-MOHAMEDIA,Cité Ennasr,,1145,Cite Ennasr,oui,
Ben Arous,BEN-MOHAMEDIA,Cité Ennouzha,,1145,Cite Ennouzha,oui,
Ben Arous,BEN-MOHAMEDIA,Cité Erriadh,,1145,Cite Erriadh,oui,
Ben Arous,BEN-MOHAMEDIA,Cité Essaada 1,,1145,Cite Essaada 1,,
Ben Arous,BEN-MOHAMEDIA,Cité Essaada 2,,1145,Cite Essaada 2,oui,
Ben Arous,BEN-MOHAMEDIA,Cité Essaada 3,,1145,Cite Essaada 3,,
Ben Arous,BEN-MOHAMEDIA,Cité Essalem,,1145,Cite Essalem,oui,
Ben Arous,BEN-MOHAMEDIA,Cité Ettayari,,1145,Cite Ettayari,,
Ben Arous,BEN-MOHAMEDIA,Cité Ettouahria,,1145,Cite Ettouahria,,
Ben Arous,BEN-MOHAMEDIA,Cité Ezzitoun 2,,1145,Cite Ezzitoun 2,oui,
Ben Arous,BEN-MOHAMEDIA,Cité Fattouma Bourguiba,,1145,Cite Fattouma Bourguiba,,
Ben Arous,BEN-MOHAMEDIA,Cité Hached 1,,1145,Cite Hached 1,,
Ben Arous,BEN-MOHAMEDIA,Cité Hached 2,,1145,Cite Hached 2,,
Ben Arous,BEN-MOHAMEDIA,Cité Jaouhara,,1145,Cite Jaouhara,,
Ben Arous,BEN-MOHAMEDIA,Cité Jardins,,1145,Cite Jardins,oui,
Ben Arous,BEN-MOHAMEDIA,Cité Mongi Slim 1,,1145,Cite Mongi Slim 1,,
Ben Arous,BEN-MOHAMEDIA,Cité Mongi Slim 2,,1145,Cite Mongi Slim 2,,
Ben Arous,BEN-MOHAMEDIA,Cité Oudhna,,1145,Cite Oudhna,,
Ben Arous,BEN-MOHAMEDIA,Cité Taieb Mhiri,,1145,Cite Taieb Mhiri,,
Ben Arous,BEN-MOHAMEDIA,Cité Tnich,,1145,Cite Tnich,,
Ben Arous,BEN-MOHAMEDIA,Immeubles De L'Interieur,,1145,,,
Ben Arous,BEN-MOHAMEDIA,Mohamadia,,1145,,,
Ben Arous,BEN-MOHAMEDIA,Résidence El Ferdaous,,1145,Residence El Ferdaous,,
Ben Arous,BEN-MOHAMEDIA,Résidence El Moustakbel,,1145,Residence El Moustakbel,,
Ben Arous,BEN-MOHAMEDIA,Résidence El Ouns,,1145,Residence El Ouns,oui,
Ben Arous,BEN-MOHAMEDIA,Résidence Ettaoufik,,1145,Residence Ettaoufik,,
Ben Arous,BEN-MOHAMEDIA,Autre,أخرى,,,,
Ben Arous,BEN-MORNAG,Ahmed Zaied,,2090,,,
Ben Arous,BEN-MORNAG,Ain Regad,,2054,,,
Ben Arous,BEN-MORNAG,Barrouta,,2054,,,
Ben Arous,BEN-MORNAG,Ben Nouiji,,2090,,,
Ben Arous,BEN-MORNAG,Bir Jedid,,2054,,,
Ben Arous,BEN-MORNAG,Borj Essoufi,,2090,,,
Ben Arous,BEN-MORNAG,Bou Jerdga,,2090,,,
Ben Arous,BEN-MORNAG,Chala,,2090,,,
Ben Arous,BEN-MORNAG,Chamine,,2090,,,
Ben Arous,BEN-MORNAG,Cité Air Nouvelle,,2064,Cite Air Nouvelle,,
Ben Arous,BEN-MORNAG,Cité Ennasr,,2090,Cite Ennasr,oui,
Ben Arous,BEN-MORNAG,Cité Ettayarane,,2064,Cite Ettayarane,,
Ben Arous,BEN-MORNAG,Douar La Porte,,2090,,,
Ben Arous,BEN-MORNAG,Douar Salem,,2090,,,
Ben Arous,BEN-MORNAG,El Abebsa,,2064,,,
Ben Arous,BEN-MORNAG,El Alelgua,,2090,,,
Ben Arous,BEN-MORNAG,El Araba,,2090,,,
Ben Arous,BEN-MORNAG,El Fendria,,2064,,,
Ben Arous,BEN-MORNAG,El Gounna,,2054,,,
Ben Arous,BEN-MORNAG,El Haouamed,,2090,,,
Ben Arous,BEN-MORNAG,El Kabouti,,2064,,,
Ben Arous,BEN-MORNAG,El Ksibi,,2090,,,
Ben Arous,BEN-MORNAG,Errissala,,2044,,,
Ben Arous,BEN-MORNAG,Ettiayra,,2090,,,
Ben Arous,BEN-MORNAG,Ferme Marquee,,2090,,,
Ben Arous,BEN-MORNAG,Henchir Bouchta,,2090,,,
Ben Arous,BEN-MORNAG,Henchir El Ghobar,,2090,,,
Ben Arous,BEN-MORNAG,Henchir Kharrouba,,2054,,,
Ben Arous,BEN-MORNAG,Henchir Khelil,,2090,,,
Ben Arous,BEN-MORNAG,Huilerie Bayrem,,2090,,,
Ben Arous,BEN-MORNAG,Jebel Ersass,,2064,,,
Ben Arous,BEN-MORNAG,Jourjou,,2064,,,
Ben Arous,BEN-MORNAG,Khelidia,,2054,,,
Ben Arous,BEN-MORNAG,Kouenjel,,2054,,,
Ben Arous,BEN-MORNAG,Mirghna,,2064,,,
Ben Arous,BEN-MORNAG,Mornag,,2090,,,
Ben Arous,BEN-MORNAG,Ouzra,,2090,,,
Ben Arous,BEN-MORNAG,Sidi Messaoud,,2054,,,
Ben Arous,BEN-MORNAG,Sidi Othman Landari,,2054,,,
Ben Arous,BEN-MORNAG,Sidi Saad,,2090,,,
Ben Arous,BEN-MORNAG,Sidi Salem El Garci,,2064,,,
Ben Arous,BEN-MORNAG,Sondage,,2054,,,
Ben Arous,BEN-MORNAG,Tarhouna 1,,2090,,,
Ben Arous,BEN-MORNAG,Tarhouna 2,,2090,,,
Ben Arous,BEN-MORNAG,Zaouit Mornag,,2090,,,
Ben Arous,BEN-MORNAG,Autre,أخرى,,,,
Ben Arous,BEN-MOUROUJ,Bir El Kassaa,,2059,,,
Ben Arous,BEN-MOUROUJ,Cité Alyssa 1,,2074,Cite Alyssa 1,,
Ben Arous,BEN-MOUROUJ,Cité Alyssa 2,,2074,Cite Alyssa 2,,
Ben Arous,BEN-MOUROUJ,Cité Azza 1,,2074,Cite Azza 1,,
Ben Arous,BEN-MOUROUJ,Cité Azza 2,,2074,Cite Azza 2,,
Ben Arous,BEN-MOUROUJ,Cité Commerciale Abou Sofiane,,2074,Cite Commerciale Abou Sofiane,,
Ben Arous,BEN-MOUROUJ,Cité Commerciale Boukhriss,,2074,Cite Commerciale Boukhriss,,
Ben Arous,BEN-MOUROUJ,Cité Des Oasis,,2074,Cite Des Oasis,,
Ben Arous,BEN-MOUROUJ,Cité El Bassatine,,2074,Cite El Bassatine,oui,
Ben Arous,BEN-MOUROUJ,Cité El Bochra,,2074,Cite El Bochra,,
Ben Arous,BEN-MOUROUJ,Cité El Faouz,,2074,Cite El Faouz,,
Ben Arous,BEN-MOUROUJ,Cité El Foll,,2074,Cite El Foll,,
Ben Arous,BEN-MOUROUJ,Cité El Mourouj 3 Bis,,2074,Cite El Mourouj 3 Bis,,
Ben Arous,BEN-MOUROUJ,Cité El Wifak,,2074,Cite El Wifak,oui,
Ben Arous,BEN-MOUROUJ,Cité Ennakhil,,2074,Cite Ennakhil,,
Ben Arous,BEN-MOUROUJ,Cité Ennarjes 1,,2074,Cite Ennarjes 1,,
Ben Arous,BEN-MOUROUJ,Cité Ennarjes 2,,2074,Cite Ennarjes 2,,
Ben Arous,BEN-MOUROUJ,Cité Ennasr 1,,2074,Cite Ennasr 1,oui,
Ben Arous,BEN-MOUROUJ,Cité Ennasr 2,,2074,Cite Ennasr 2,oui,
Ben Arous,BEN-MOUROUJ,Cité Errachid 1,,2074,Cite Errachid 1,,
Ben Arous,BEN-MOUROUJ,Cité Errachid 2,,2074,Cite Errachid 2,,
Ben Arous,BEN-MOUROUJ,Cité Erraoudha,,2074,Cite Erraoudha,,
Ben Arous,BEN-MOUROUJ,Cité Erriadh,,2074,Cite Erriadh,oui,
Ben Arous,BEN-MOUROUJ,Cité Erriadh 2,,2074,Cite Erriadh 2,,
Ben Arous,BEN-MOUROUJ,Cité Essalem,,2074,Cite Essalem,oui,
Ben Arous,BEN-MOUROUJ,Cité Ibn Jazzar 2,,2074,Cite Ibn Jazzar 2,,
Ben Arous,BEN-MOUROUJ,Cité Ibn Mandhour,,2074,Cite Ibn Mandhour,,
Ben Arous,BEN-MOUROUJ,Cité Jardins,,2074,Cite Jardins,oui,
Ben Arous,BEN-MOUROUJ,Cité Moncef Bey,,2074,Cite Moncef Bey,,
Ben Arous,BEN-MOUROUJ,Cité Taher Haddad,,2074,Cite Taher Haddad,,
Ben Arous,BEN-MOUROUJ,Cité Yargoula,,2074,Cite Yargoula,,
Ben Arous,BEN-MOUROUJ,El Alia 1,,2074,,,
Ben Arous,BEN-MOUROUJ,El Alia 2,,2074,,,
Ben Arous,BEN-MOUROUJ,El Alia 3,,2074,,,
Ben Arous,BEN-MOUROUJ,El Mourouj,,2074,,,
Ben Arous,BEN-MOUROUJ,El Mourouj 1,,,Mourouj 1,,ajouté hors La Poste
Ben Arous,BEN-MOUROUJ,El Mourouj 2,,,Mourouj 2,oui,ajouté hors La Poste
Ben Arous,BEN-MOUROUJ,El Mourouj 3,,,Mourouj 3,,ajouté hors La Poste
Ben Arous,BEN-MOUROUJ,El Mourouj 4,,,Mourouj 4,,ajouté hors La Poste
Ben Arous,BEN-MOUROUJ,El Mourouj 5,,,Mourouj 5,,ajouté hors La Poste
Ben Arous,BEN-MOUROUJ,El Mourouj 6,,,Mourouj 6,,ajouté hors La Poste
Ben Arous,BEN-MOUROUJ,La Belle Residence,,2074,,,
Ben Arous,BEN-MOUROUJ,Résidence Chebbi,,2074,Residence Chebbi,,
Ben Arous,BEN-MOUROUJ,Résidence Chourouk 1,,2074,Residence Chourouk 1,,
Ben Arous,BEN-MOUROUJ,Résidence Chourouk 2,,2074,Residence Chourouk 2,,
Ben Arous,BEN-MOUROUJ,Résidence Chourouk 3,,2074,Residence Chourouk 3,,
Ben Arous,BEN-MOUROUJ,Résidence De L'Horizon,,2074,Residence De L'Horizon,,
Ben Arous,BEN-MOUROUJ,Résidence De La Verdure,,2074,Residence De La Verdure,,
Ben Arous,BEN-MOUROUJ,Résidence Du Printemps,,2074,Residence Du Printemps,,
Ben Arous,BEN-MOUROUJ,Résidence El Foll,,2074,Residence El Foll,,
Ben Arous,BEN-MOUROUJ,Résidence El Khalil,,2074,Residence El Khalil,,
Ben Arous,BEN-MOUROUJ,Résidence El Mourjene,,2074,Residence El Mourjene,,
Ben Arous,BEN-MOUROUJ,Résidence El Ouard,,2074,Residence El Ouard,,
Ben Arous,BEN-MOUROUJ,Résidence El Wafa,,2074,Residence El Wafa,,
Ben Arous,BEN-MOUROUJ,Résidence Ennacim,,2074,Residence Ennacim,oui,
Ben Arous,BEN-MOUROUJ,Résidence Ennaoures,,2074,Residence Ennaoures,,
Ben Arous,BEN-MOUROUJ,Résidence Ennesrine,,2074,Residence Ennesrine,oui,
Ben Arous,BEN-MOUROUJ,Résidence Erraboua,,2074,Residence Erraboua,,
Ben Arous,BEN-MOUROUJ,Résidence Essaad,,2074,Residence Essaad,,
Ben Arous,BEN-MOUROUJ,Résidence Essaada,,2074,Residence Essaada,,
Ben Arous,BEN-MOUROUJ,Résidence Essraya,,2074,Residence Essraya,,
Ben Arous,BEN-MOUROUJ,Résidence Ibn Khaldoun,,2074,Residence Ibn Khaldoun,,
Ben Arous,BEN-MOUROUJ,Résidence Ibn Zeidoun,,2074,Residence Ibn Zeidoun,oui,
Ben Arous,BEN-MOUROUJ,Résidence Ines,,2074,Residence Ines,,
Ben Arous,BEN-MOUROUJ,Résidence Jinene El Mourouj,,2074,Residence Jinene El Mourouj,,
Ben Arous,BEN-MOUROUJ,Résidence Meriem,,2074,Residence Meriem,oui,
Ben Arous,BEN-MOUROUJ,Résidence Sidi Bou Said,,2074,Residence Sidi Bou Said,,
Ben Arous,BEN-MOUROUJ,Résidence Type,,2074,Residence Type,,
Ben Arous,BEN-MOUROUJ,Résidence Zahret El Mourouj,,2074,Residence Zahret El Mourouj,,
Ben Arous,BEN-MOUROUJ,Autre,أخرى,,,,
Ben Arous,BEN-RADES,Chouchet Rades,,2040,,,
Ben Arous,BEN-RADES,Cité 20 Mars,,1125,Cite 20 Mars,oui,
Ben Arous,BEN-RADES,Cité El Ezz,,2098,Cite El Ezz,oui,
Ben Arous,BEN-RADES,Cité Ennour,,1125,Cite Ennour,oui,
Ben Arous,BEN-RADES,Cité Mohamed Ali,,2040,Cite Mohamed Ali,oui,
Ben Arous,BEN-RADES,Cité Nouvelle,,2098,Cite Nouvelle,,
Ben Arous,BEN-RADES,Cité Rades 2,,2040,Cite Rades 2,,
Ben Arous,BEN-RADES,Cité Sfaxi,,2040,Cite Sfaxi,,
Ben Arous,BEN-RADES,Cité Sncft,,2040,Cite Sncft,,
Ben Arous,BEN-RADES,Cité Snit,,2018,Cite Snit,oui,
Ben Arous,BEN-RADES,Cité Taieb Mhiri 1,,2040,Cite Taieb Mhiri 1,,
Ben Arous,BEN-RADES,Cité Taieb Mhiri 2,,2040,Cite Taieb Mhiri 2,,
Ben Arous,BEN-RADES,Cité Taieb Mhiri 3,,2040,Cite Taieb Mhiri 3,,
Ben Arous,BEN-RADES,Decouppage Haj Aleya,,2018,,,
Ben Arous,BEN-RADES,Rades,,2040,,,
Ben Arous,BEN-RADES,Rades 7 Novembre,,2018,,,
Ben Arous,BEN-RADES,Rades El Mrah,,2098,,,
Ben Arous,BEN-RADES,Rades Foret,,2098,,,
Ben Arous,BEN-RADES,Rades Medina,,2098,,,
Ben Arous,BEN-RADES,Rades Meliane,,2098,,,
Ben Arous,BEN-RADES,Rades Mongil,,2098,,,
Ben Arous,BEN-RADES,Rades Plage,,2040,,,
Ben Arous,BEN-RADES,Rades Saline,,1125,,,
Ben Arous,BEN-RADES,Village Mediterranee,,2018,,,
Ben Arous,BEN-RADES,Ville Sportive,,2018,,,
Ben Arous,BEN-RADES,Zone Industrielle 1,,1125,,,
Ben Arous,BEN-RADES,Zone Industrielle 2,,1125,,,
Ben Arous,BEN-RADES,Zone Petroliere,,1125,,,
Ben Arous,BEN-RADES,Autre,أخرى,,,,
Ben Arous,BEN-VILLE,Ben Arous,,2013,,,
Ben Arous,BEN-VILLE,Ben Arous Sud,,2043,,,
Ben Arous,BEN-VILLE,Autre,أخرى,,,,
Manouba,MAN-BATTAN,Cité 7 Novembre,,1114,Cite 7 Novembre,oui,
Manouba,MAN-BATTAN,Cité Ben Ghenia,,1114,Cite Ben Ghenia,,
Manouba,MAN-BATTAN,Cité Brik,,1114,Cite Brik,,
Manouba,MAN-BATTAN,Cité El Houda,,1114,Cite El Houda,oui,
Manouba,MAN-BATTAN,Cité Ennasr,,1114,Cite Ennasr,oui,
Manouba,MAN-BATTAN,Cité Ennour,,1114,Cite Ennour,oui,
Manouba,MAN-BATTAN,Cité Ennouzha,,1114,Cite Ennouzha,oui,
Manouba,MAN-BATTAN,El Battan,,1114,,,
Manouba,MAN-BATTAN,El Mansoura 2,,1114,,,
Manouba,MAN-BATTAN,El Mehrine,,1114,,,
Manouba,MAN-BATTAN,Ezzouitina,,1114,,,
Manouba,MAN-BATTAN,Ferme NÂ¦7,,1114,,,
Manouba,MAN-BATTAN,Saint Joseph,,1114,,,
Manouba,MAN-BATTAN,Autre,أخرى,,,,
Manouba,MAN-BORJAMRI,Aouilia (Km 37),,1113,,,
Manouba,MAN-BORJAMRI,Bir Ettouil,,1113,,,
Manouba,MAN-BORJAMRI,Borj El Amri,,1142,,,
Manouba,MAN-BORJAMRI,Borj Ennour,,1113,,,
Manouba,MAN-BORJAMRI,Cité El Hafsia,,1142,Cite El Hafsia,,
Manouba,MAN-BORJAMRI,Cité El Intilaka,,1142,Cite El Intilaka,oui,
Manouba,MAN-BORJAMRI,Cité El Manai,,1142,Cite El Manai,,
Manouba,MAN-BORJAMRI,Cité Ennouzha 1,,1142,Cite Ennouzha 1,,
Manouba,MAN-BORJAMRI,Cité Ennouzha 2,,1142,Cite Ennouzha 2,,
Manouba,MAN-BORJAMRI,Cité Taoufik,,1142,Cite Taoufik,,
Manouba,MAN-BORJAMRI,Drijette,,1142,,,
Manouba,MAN-BORJAMRI,El Messaidine,,1113,,,
Manouba,MAN-BORJAMRI,Enfaiedh,,1142,,,
Manouba,MAN-BORJAMRI,Ksar Hadid,,1142,,,
Manouba,MAN-BORJAMRI,Menzel Habib,,1142,,,
Manouba,MAN-BORJAMRI,Teboltech,,1142,,,
Manouba,MAN-BORJAMRI,Autre,أخرى,,,,
Manouba,MAN-DJEDEIDA,Chaouat,,1134,,,
Manouba,MAN-DJEDEIDA,Cité Aboubaker Esseddik,,1124,Cite Aboubaker Esseddik,,
Manouba,MAN-DJEDEIDA,Cité Bel Hay,,1124,Cite Bel Hay,,
Manouba,MAN-DJEDEIDA,Cité Ben Hassine,,1124,Cite Ben Hassine,,
Manouba,MAN-DJEDEIDA,Cité De La Rtt,,1124,Cite De La Rtt,,
Manouba,MAN-DJEDEIDA,Cité Des Andalous,,1124,Cite Des Andalous,,
Manouba,MAN-DJEDEIDA,Cité Dhamene,,1124,Cite Dhamene,,
Manouba,MAN-DJEDEIDA,Cité Dhniba,,1124,Cite Dhniba,,
Manouba,MAN-DJEDEIDA,Cité Ecole Primaire,,1134,Cite Ecole Primaire,,
Manouba,MAN-DJEDEIDA,Cité El Baraka,,1124,Cite El Baraka,,
Manouba,MAN-DJEDEIDA,Cité El Hidaya,,1124,Cite El Hidaya,,
Manouba,MAN-DJEDEIDA,Cité Ennajet,,1124,Cite Ennajet,,
Manouba,MAN-DJEDEIDA,Cité Ennour,,1124,Cite Ennour,oui,
Manouba,MAN-DJEDEIDA,Cité Erriadh,,1124,Cite Erriadh,oui,
Manouba,MAN-DJEDEIDA,Cité Essaroula,,1124,Cite Essaroula,,
Manouba,MAN-DJEDEIDA,Cité Guichba,,1124,Cite Guichba,,
Manouba,MAN-DJEDEIDA,Cité Habib El Ayari,,1124,Cite Habib El Ayari,,
Manouba,MAN-DJEDEIDA,Cité Hached,,1124,Cite Hached,oui,
Manouba,MAN-DJEDEIDA,Cité Hamdi,,1124,Cite Hamdi,,
Manouba,MAN-DJEDEIDA,Cité Hammed Nouvelle,,1124,Cite Hammed Nouvelle,,
Manouba,MAN-DJEDEIDA,Cité Jebel,,1124,Cite Jebel,,
Manouba,MAN-DJEDEIDA,Cité Mokhtar,,1124,Cite Mokhtar,,
Manouba,MAN-DJEDEIDA,Cité Najiba,,1124,Cite Najiba,,
Manouba,MAN-DJEDEIDA,Cité Rurale,,1124,Cite Rurale,,
Manouba,MAN-DJEDEIDA,Cité Sidi Salem,,1124,Cite Sidi Salem,,
Manouba,MAN-DJEDEIDA,Cité Tarek Ibn Zied,,1124,Cite Tarek Ibn Zied,oui,
Manouba,MAN-DJEDEIDA,Cité Touhami Nefzi,,1124,Cite Touhami Nefzi,,
Manouba,MAN-DJEDEIDA,Cité Trabelsi,,1124,Cite Trabelsi,oui,
Manouba,MAN-DJEDEIDA,Cité Yougharta,,1124,Cite Yougharta,,
Manouba,MAN-DJEDEIDA,El Habibia,,2012,,,
Manouba,MAN-DJEDEIDA,El Henna,,1124,,,
Manouba,MAN-DJEDEIDA,El Mansoura,,2075,,,
Manouba,MAN-DJEDEIDA,Ezzahra,,1124,,oui,
Manouba,MAN-DJEDEIDA,Henchir Dheniba,,1124,,,
Manouba,MAN-DJEDEIDA,Jedaida,,1124,,,
Manouba,MAN-DJEDEIDA,Autre,أخرى,,,,
Manouba,MAN-DOUARHICHER,Cité Khaled Ibn El Walid,,2086,Cite Khaled Ibn El Walid,,
Manouba,MAN-DOUARHICHER,Douar Hicher,,2086,,,
Manouba,MAN-DOUARHICHER,Autre,أخرى,,,,
Manouba,MAN-MORNAGUIA,Bou Hanech,,2028,,,
Manouba,MAN-MORNAGUIA,Bou Regba,,1110,,,
Manouba,MAN-MORNAGUIA,Cité Bir Ben Njima,,1110,Cite Bir Ben Njima,,
Manouba,MAN-MORNAGUIA,Cité De La Rtt 3,,1110,Cite De La Rtt 3,,
Manouba,MAN-MORNAGUIA,Cité Toumia,,1110,Cite Toumia,,
Manouba,MAN-MORNAGUIA,El Bassatine,,2028,,,
Manouba,MAN-MORNAGUIA,El Fejja,,1153,,,
Manouba,MAN-MORNAGUIA,El Hamayem,,1110,,,
Manouba,MAN-MORNAGUIA,Ghedaouna,,1110,,,
Manouba,MAN-MORNAGUIA,Mornaguia,,1110,,,
Manouba,MAN-MORNAGUIA,Mornaguia 20 Mars,,1116,,,
Manouba,MAN-MORNAGUIA,Sidi Ali El Hattab,,2071,,,
Manouba,MAN-MORNAGUIA,Autre,أخرى,,,,
Manouba,MAN-OUEDELLIL,Cité 7 Novembre,,2021,Cite 7 Novembre,oui,
Manouba,MAN-OUEDELLIL,Cité Afh,,2021,Cite Afh,oui,
Manouba,MAN-OUEDELLIL,Cité Bejoua 2,,2021,Cite Bejoua 2,,
Manouba,MAN-OUEDELLIL,Cité Ben Arfa,,2021,Cite Ben Arfa,,
Manouba,MAN-OUEDELLIL,Cité Ben Jemaa,,2021,Cite Ben Jemaa,,
Manouba,MAN-OUEDELLIL,Cité Bennour Bejoua 1,,2021,Cite Bennour Bejoua 1,,
Manouba,MAN-OUEDELLIL,Cité Bouzid,,2021,Cite Bouzid,,
Manouba,MAN-OUEDELLIL,Cité Dhamene 2,,2021,Cite Dhamene 2,,
Manouba,MAN-OUEDELLIL,Cité El Boustene 1,,2021,Cite El Boustene 1,oui,
Manouba,MAN-OUEDELLIL,Cité El Boustene 2,,2021,Cite El Boustene 2,oui,
Manouba,MAN-OUEDELLIL,Cité El Izdihar Bejoua,,2021,Cite El Izdihar Bejoua,,
Manouba,MAN-OUEDELLIL,Cité El Moezzia,,2021,Cite El Moezzia,,
Manouba,MAN-OUEDELLIL,Cité El Moultaka 1,,2021,Cite El Moultaka 1,,
Manouba,MAN-OUEDELLIL,Cité Ennacim,,2031,Cite Ennacim,oui,
Manouba,MAN-OUEDELLIL,Cité Erriadh Zone C,,2031,Cite Erriadh Zone C,,
Manouba,MAN-OUEDELLIL,Cité Erriadh Zone F,,2031,Cite Erriadh Zone F,,
Manouba,MAN-OUEDELLIL,Cité Ettourjmene,,2021,Cite Ettourjmene,,
Manouba,MAN-OUEDELLIL,Cité Marseille,,2021,Cite Marseille,,
Manouba,MAN-OUEDELLIL,Cité Militaire,,2021,Cite Militaire,oui,
Manouba,MAN-OUEDELLIL,Essaida,,2031,,,
Manouba,MAN-OUEDELLIL,Oued Ellil,,2021,,,
Manouba,MAN-OUEDELLIL,Autre,أخرى,,,,
Manouba,MAN-TEBOURBA,Ain El Karma,,1144,,,
Manouba,MAN-TEBOURBA,Ain Zammit,,1144,,,
Manouba,MAN-TEBOURBA,Argoub Erroumi,,1130,,,
Manouba,MAN-TEBOURBA,Bir Ezzitoun,,1130,,,
Manouba,MAN-TEBOURBA,Borj Ettoumi,,1143,,,
Manouba,MAN-TEBOURBA,Chouigui,,1133,,,
Manouba,MAN-TEBOURBA,Cité 7 Novembre,,1130,Cite 7 Novembre,oui,
Manouba,MAN-TEBOURBA,Cité Chebbi,,1130,Cite Chebbi,oui,
Manouba,MAN-TEBOURBA,Cité De France,,1130,Cite De France,,
Manouba,MAN-TEBOURBA,Cité De La Palestine,,1130,Cite De La Palestine,,
Manouba,MAN-TEBOURBA,Cité El Argoub,,1130,Cite El Argoub,,
Manouba,MAN-TEBOURBA,Cité El Bassatine,,1130,Cite El Bassatine,oui,
Manouba,MAN-TEBOURBA,Cité El Kef Lahmar,,1130,Cite El Kef Lahmar,,
Manouba,MAN-TEBOURBA,Cité El Kharrouba,,1130,Cite El Kharrouba,,
Manouba,MAN-TEBOURBA,Cité El Malja,,1130,Cite El Malja,,
Manouba,MAN-TEBOURBA,Cité El Malja Hamra,,1130,Cite El Malja Hamra,,
Manouba,MAN-TEBOURBA,Cité El Mandra,,1130,Cite El Mandra,,
Manouba,MAN-TEBOURBA,Cité El Mellassine,,1130,Cite El Mellassine,,
Manouba,MAN-TEBOURBA,Cité Ennajah,,1130,Cite Ennajah,,
Manouba,MAN-TEBOURBA,Cité Erraja,,1130,Cite Erraja,,
Manouba,MAN-TEBOURBA,Cité Errimel,,1130,Cite Errimel,,
Manouba,MAN-TEBOURBA,Cité Essaada,,1130,Cite Essaada,oui,
Manouba,MAN-TEBOURBA,Cité Essaada 2,,1130,Cite Essaada 2,oui,
Manouba,MAN-TEBOURBA,Cité Khelif Jalled,,1130,Cite Khelif Jalled,,
Manouba,MAN-TEBOURBA,Cité Laroussia,,1130,Cite Laroussia,,
Manouba,MAN-TEBOURBA,Cité Populaire,,1130,Cite Populaire,,
Manouba,MAN-TEBOURBA,Cité Route Chouigui,,1130,Cite Route Chouigui,,
Manouba,MAN-TEBOURBA,Cité Souyah,,1130,Cite Souyah,,
Manouba,MAN-TEBOURBA,Eddikhila,,1144,,,
Manouba,MAN-TEBOURBA,El Ansarine,,1144,,,
Manouba,MAN-TEBOURBA,El Aroussia,,1130,,,
Manouba,MAN-TEBOURBA,El Haouaria,,1144,,,
Manouba,MAN-TEBOURBA,El Mahfoura,,1143,,,
Manouba,MAN-TEBOURBA,El Mellaha,,1144,,,
Manouba,MAN-TEBOURBA,Gosset El Bey,,1144,,,
Manouba,MAN-TEBOURBA,Goumriane,,1130,,,
Manouba,MAN-TEBOURBA,Gueffaya,,1144,,,
Manouba,MAN-TEBOURBA,Sidi Abdelbasset,,1144,,,
Manouba,MAN-TEBOURBA,Tebourba,,1130,,,
Manouba,MAN-TEBOURBA,Toungar,,1143,,,
Manouba,MAN-TEBOURBA,Autre,أخرى,,,,
Manouba,MAN-VILLE,Den Den,,2011,Denden,,
Manouba,MAN-VILLE,La Manouba,,2010,La Mannouba,,
Manouba,MAN-VILLE,Autre,أخرى,,,,
Tunis,TUN-BABBHAR,Bab Bhar,,1000,,,
Tunis,TUN-BABBHAR,Bab El Jazira,,1000,,,
Tunis,TUN-BABBHAR,Habib Thameur,,1069,,,
Tunis,TUN-BABBHAR,Hedi Chaker,,1002,,,
Tunis,TUN-BABBHAR,Lafayette,,,,,ajouté hors La Poste
Tunis,TUN-BABBHAR,Montplaisir,,1073,,,
Tunis,TUN-BABBHAR,Republique,,1001,,,
Tunis,TUN-BABBHAR,Sidi Bahri,,1000,,,
Tunis,TUN-BABBHAR,Taieb El M'Hiri,,1002,,,
Tunis,TUN-BABBHAR,Autre,أخرى,,,,
Tunis,TUN-BABSOUIKA,Bab El Akoues,,1006,,,
Tunis,TUN-BABSOUIKA,Bab El Alouj,,1006,,,
Tunis,TUN-BABSOUIKA,Bab El Assel,,1006,,,
Tunis,TUN-BABSOUIKA,Bab El Khadra,,1075,,,
Tunis,TUN-BABSOUIKA,Bab Saadoun,,1029,,,
Tunis,TUN-BABSOUIKA,Bab Sidi Abdessalem,,1006,,,
Tunis,TUN-BABSOUIKA,Bab Souika,,1006,,,
Tunis,TUN-BABSOUIKA,Borj Zouara,,1006,,,
Tunis,TUN-BABSOUIKA,El Halfaouine,,1006,,,
Tunis,TUN-BABSOUIKA,Hammam El Remimi,,1006,,,
Tunis,TUN-BABSOUIKA,Sidi Djebeli,,1006,,,
Tunis,TUN-BABSOUIKA,Tronja,,1006,,,
Tunis,TUN-BABSOUIKA,Zaouiet El Bakria,,1006,,,
Tunis,TUN-BABSOUIKA,Autre,أخرى,,,,
Tunis,TUN-BARDO,Bortal Hayder,,2009,,,
Tunis,TUN-BARDO,Bouchoucha,,2000,,,
Tunis,TUN-BARDO,Cité Alten,,2000,Cite Alten,,
Tunis,TUN-BARDO,Cité Des Enseignants,,2017,Cite Des Enseignants,,
Tunis,TUN-BARDO,Cité Du Stade,,2000,Cite Du Stade,oui,
Tunis,TUN-BARDO,Cité Star,,2017,Cite Star,oui,
Tunis,TUN-BARDO,Khaznadar,,2017,,,
Tunis,TUN-BARDO,Ksar Said,,2009,,,
Tunis,TUN-BARDO,Le Bardo,,2000,,,
Tunis,TUN-BARDO,Autre,أخرى,,,,
Tunis,TUN-CARTHAGE,Amilcar,,1054,,,
Tunis,TUN-CARTHAGE,Carthage,,2016,,,
Tunis,TUN-CARTHAGE,Carthage Byrsa,,2016,Cartage Byrsa,,
Tunis,TUN-CARTHAGE,Carthage Plage,,2016,Cartage Plage,,
Tunis,TUN-CARTHAGE,Cité De La Steg,,2016,Cite De La Steg,,
Tunis,TUN-CARTHAGE,Cité Mohamed Ali,,2016,Cite Mohamed Ali,oui,
Tunis,TUN-CARTHAGE,El Yasmina,,2085,,,
Tunis,TUN-CARTHAGE,Les Jardins de Carthage,,,Jardins de Carthage,,ajouté hors La Poste
Tunis,TUN-CARTHAGE,Salambo,,2025,,,
Tunis,TUN-CARTHAGE,Sidi Bousaid,,2026,,,
Tunis,TUN-CARTHAGE,Autre,أخرى,,,,
Tunis,TUN-ELKHADRA,Centre Urbain Nord,,,CUN,,délégation à confirmer
Tunis,TUN-ELKHADRA,Cité El Khadra,,1003,Cite El Khadra,,
Tunis,TUN-ELKHADRA,Cité El Wafa,,1003,Cite El Wafa,oui,
Tunis,TUN-ELKHADRA,Cité Jardins,,1002,Cite Jardins,oui,
Tunis,TUN-ELKHADRA,Cité Olympeade,,1003,Cite Olympeade,,
Tunis,TUN-ELKHADRA,Cité Oplympique,,1003,Cite Oplympique,,
Tunis,TUN-ELKHADRA,Cité Star,,1003,Cite Star,oui,
Tunis,TUN-ELKHADRA,El Charguia,,2035,,,
Tunis,TUN-ELKHADRA,Kheireddine Pacha,,1002,,,
Tunis,TUN-ELKHADRA,Autre,أخرى,,,,
Tunis,TUN-GOULETTE,Casino La Goulette,,2060,,,
Tunis,TUN-GOULETTE,Cité El Mechtel,,2089,Cite El Mechtel,oui,
Tunis,TUN-GOULETTE,Cité Ennacim La Brise,,2060,Cite Ennacim La Brise,,
Tunis,TUN-GOULETTE,El Battah,,2060,,,
Tunis,TUN-GOULETTE,Kheireddine,,2060,,,
Tunis,TUN-GOULETTE,L'Aouina,,,Aouina|El Aouina,,délégation à confirmer
Tunis,TUN-GOULETTE,La Goulette,,2060,,,
Tunis,TUN-GOULETTE,La Goulette Nouvelle,,2060,,,
Tunis,TUN-GOULETTE,La Goulette Port,,1067,,,
Tunis,TUN-GOULETTE,Autre,أخرى,,,,
Tunis,TUN-HRAIRIA,Cité Bougatfa 1,,2051,Cite Bougatfa 1,,
Tunis,TUN-HRAIRIA,Cité Bouzaiene,,2052,Cite Bouzaiene,,
Tunis,TUN-HRAIRIA,Cité El Mechtel,,2087,Cite El Mechtel,oui,
Tunis,TUN-HRAIRIA,Cité Errachidia,,2051,Cite Errachidia,,
Tunis,TUN-HRAIRIA,Cité Essalama,,2051,Cite Essalama,oui,
Tunis,TUN-HRAIRIA,Cité Essoltani,,2051,Cite Essoltani,,
Tunis,TUN-HRAIRIA,Cité Hwas,,2087,Cite Hwas,,
Tunis,TUN-HRAIRIA,Cité Jlas,,2051,Cite Jlas,,
Tunis,TUN-HRAIRIA,Cité Medjerda,,2051,Cite Medjerda,,
Tunis,TUN-HRAIRIA,El Hrairia,,2087,,,
Tunis,TUN-HRAIRIA,Ezzahrouni,,2051,,,
Tunis,TUN-HRAIRIA,Ezzouhour 5,,2052,,,
Tunis,TUN-HRAIRIA,Autre,أخرى,,,,
Tunis,TUN-JEBELJELLOUD,Ali Bach-Hamba,,1046,,,
Tunis,TUN-JEBELJELLOUD,Cité Thameur,,2023,Cite Thameur,,
Tunis,TUN-JEBELJELLOUD,El Afrane,,2023,,,
Tunis,TUN-JEBELJELLOUD,El Garjouma,,1046,,,
Tunis,TUN-JEBELJELLOUD,El Sebkha,,1046,,,
Tunis,TUN-JEBELJELLOUD,Jebel Jelloud,,1046,,,
Tunis,TUN-JEBELJELLOUD,Sidi Fathallah,,2023,,,
Tunis,TUN-JEBELJELLOUD,Autre,أخرى,,,,
Tunis,TUN-KABARIA,Cité Bou Hjar,,2053,Cite Bou Hjar,,
Tunis,TUN-KABARIA,El Kabbaria 1,,2053,,,
Tunis,TUN-KABARIA,El Kabbaria 2,,2053,,,
Tunis,TUN-KABARIA,El Kabbaria 3,,2053,,,
Tunis,TUN-KABARIA,El Kabbaria 4,,2053,,,
Tunis,TUN-KABARIA,El Mourouj 2,,1074,,oui,
Tunis,TUN-KABARIA,El Ouerdia 4,,2053,,,
Tunis,TUN-KABARIA,Ibn Sina,,2066,,,
Tunis,TUN-KABARIA,Autre,أخرى,,,,
Tunis,TUN-KRAM,Bir El Hlou,,2089,,,
Tunis,TUN-KRAM,Erriadh,,2015,,,
Tunis,TUN-KRAM,Le Kram,,2015,,,
Tunis,TUN-KRAM,Le Kram Est,,2015,,,
Tunis,TUN-KRAM,Le Kram Ouest,,2089,,,
Tunis,TUN-KRAM,Sidi Amor,,2089,,,
Tunis,TUN-KRAM,Autre,أخرى,,,,
Tunis,TUN-MARSA,Ain Zaghouan Nord,,,Ain Zaghouan,,délégation à confirmer
Tunis,TUN-MARSA,Ain Zaghouan Sud,,,Ain Zaghouan,,délégation à confirmer
Tunis,TUN-MARSA,Cité Afh,,2078,Cite Afh,oui,
Tunis,TUN-MARSA,Cité Aziza,,2046,Cite Aziza,,
Tunis,TUN-MARSA,Cité Ben Chaabane,,2078,Cite Ben Chaabane,,
Tunis,TUN-MARSA,Cité Bhar Lazreg,,2046,Cite Bhar Lazreg,,
Tunis,TUN-MARSA,Cité Borj El Kouki,,2076,Cite Borj El Kouki,,
Tunis,TUN-MARSA,Cité De La Telediffusion 1,,2076,Cite De La Telediffusion 1,,
Tunis,TUN-MARSA,Cité De La Telediffusion 2,,2076,Cite De La Telediffusion 2,,
Tunis,TUN-MARSA,Cité Des Juges 2,,2076,Cite Des Juges 2,,
Tunis,TUN-MARSA,Cité Des Mimosas,,2076,Cite Des Mimosas,,
Tunis,TUN-MARSA,Cité Des Vergers,,2078,Cite Des Vergers,,
Tunis,TUN-MARSA,Cité Du Stade,,2078,Cite Du Stade,oui,
Tunis,TUN-MARSA,Cité El Ahmadi,,2078,Cite El Ahmadi,oui,
Tunis,TUN-MARSA,Cité El Fateh,,2076,Cite El Fateh,oui,
Tunis,TUN-MARSA,Cité El Hana,,2078,Cite El Hana,oui,
Tunis,TUN-MARSA,Cité El Khalil,,2076,Cite El Khalil,,
Tunis,TUN-MARSA,Cité El Mhiri,,2045,Cite El Mhiri,,
Tunis,TUN-MARSA,Cité El Moez,,2078,Cite El Moez,,
Tunis,TUN-MARSA,Cité El Moustakbel (La Marsa),,2078,Cite El Moustakbel (La Marsa),,
Tunis,TUN-MARSA,Cité El Moustakbel (Sidi Daoud),,2078,Cite El Moustakbel (Sidi Daoud),,
Tunis,TUN-MARSA,Cité El Ouns,,2076,Cite El Ouns,oui,
Tunis,TUN-MARSA,Cité Erriadh,,2076,Cite Erriadh,oui,
Tunis,TUN-MARSA,Cité Essalama,,2076,Cite Essalama,oui,
Tunis,TUN-MARSA,Cité Essirene,,2076,Cite Essirene,,
Tunis,TUN-MARSA,Cité Malhatli,,2078,Cite Malhatli,,
Tunis,TUN-MARSA,Cité Mongi Slim,,2046,Cite Mongi Slim,oui,
Tunis,TUN-MARSA,Cité Rimila 1,,2078,Cite Rimila 1,,
Tunis,TUN-MARSA,Cité Rimila 2,,2078,Cite Rimila 2,,
Tunis,TUN-MARSA,Cité Sprols,,2045,Cite Sprols,oui,
Tunis,TUN-MARSA,Gammart,,1057,,,
Tunis,TUN-MARSA,Lac 2,,,Les Berges du Lac 2,,délégation à confirmer
Tunis,TUN-MARSA,Les Berges du Lac,,1053,Berge Du Lac|Lac 1,,
Tunis,TUN-MARSA,Marsa Erriadh,,2076,,,
Tunis,TUN-MARSA,Marsa Safsaf,,2078,,,
Tunis,TUN-MARSA,Sidi Daoud,,2046,,,
Tunis,TUN-MARSA,Autre,أخرى,,,,
Tunis,TUN-MEDINA,Bab Bnet,,1019,,,
Tunis,TUN-MEDINA,Bab Djedid,,1008,,,
Tunis,TUN-MEDINA,Bab Menara,,1008,,,
Tunis,TUN-MEDINA,El Hafsia,,1059,,,
Tunis,TUN-MEDINA,El Medina,,1000,,,
Tunis,TUN-MEDINA,El Sabaghine,,1000,,,
Tunis,TUN-MEDINA,El Taoufik,,1006,,,
Tunis,TUN-MEDINA,El Zraria,,1008,,,
Tunis,TUN-MEDINA,Sidi Ali Azouz,,1008,,,
Tunis,TUN-MEDINA,Sidi Boumendil,,1000,,,
Tunis,TUN-MEDINA,Souk Nel Nhes,,1006,,,
Tunis,TUN-MEDINA,Tourbet El Bey,,1008,,,
Tunis,TUN-MEDINA,Autre,أخرى,,,,
Tunis,TUN-MENZAH,Cité Caravelles,,1082,Cite Caravelles,,
Tunis,TUN-MENZAH,Cité Des Medecins,,2092,Cite Des Medecins,,
Tunis,TUN-MENZAH,Cité Du Paradis,,2092,Cite Du Paradis,,
Tunis,TUN-MENZAH,Cité El Mahrajene,,1082,Cite El Mahrajene,,
Tunis,TUN-MENZAH,Cité Faiza,,2092,Cite Faiza,,
Tunis,TUN-MENZAH,Cité Saba,,2092,Cite Saba,,
Tunis,TUN-MENZAH,Cité Snit,,1082,Cite Snit,oui,
Tunis,TUN-MENZAH,El Manar 1,,,Manar 1,,ajouté hors La Poste
Tunis,TUN-MENZAH,El Manar 2,,2092,,,
Tunis,TUN-MENZAH,El Manar 3,,,Manar 3,,ajouté hors La Poste
Tunis,TUN-MENZAH,El Menzah 1,,1004,,,
Tunis,TUN-MENZAH,El Menzah 2,,1082,,,
Tunis,TUN-MENZAH,El Menzah 3,,1082,,,
Tunis,TUN-MENZAH,El Menzah 4,,1082,,,
Tunis,TUN-MENZAH,El Menzah 9,,1013,,,
Tunis,TUN-MENZAH,Mutuelleville,,1082,Mutuelle Ville,,
Tunis,TUN-MENZAH,Tunis Belvedere,,1002,,,
Tunis,TUN-MENZAH,Autre,أخرى,,,,
Tunis,TUN-OMRANE,Bab Saadoun Gare,,1029,,,
Tunis,TUN-OMRANE,Bir Atig,,1005,,,
Tunis,TUN-OMRANE,Cité Centrale,,1005,Cite Centrale,,
Tunis,TUN-OMRANE,Cité Des Oliviers,,1005,Cite Des Oliviers,,
Tunis,TUN-OMRANE,Cité El Habib,,1005,Cite El Habib,oui,
Tunis,TUN-OMRANE,Cité Militaire,,1005,Cite Militaire,oui,
Tunis,TUN-OMRANE,Djbal El Ahmar,,1005,,,
Tunis,TUN-OMRANE,El Omrane,,1005,,,
Tunis,TUN-OMRANE,Oued El Sebai,,1005,,,
Tunis,TUN-OMRANE,Ras Tabia,,2000,,,
Tunis,TUN-OMRANE,Autre,أخرى,,,,
Tunis,TUN-OMRANESUP,Cité El Intilaka,,1064,Cite El Intilaka,oui,
Tunis,TUN-OMRANESUP,Cité Ibn Khaldoun I,,2062,Cite Ibn Khaldoun I,,
Tunis,TUN-OMRANESUP,Cité Ibn Khaldoun Vi,,2062,Cite Ibn Khaldoun Vi,,
Tunis,TUN-OMRANESUP,Cité Olympique,,,Cite Olympique,,délégation à confirmer
Tunis,TUN-OMRANESUP,El Nassim,,1064,,,
Tunis,TUN-OMRANESUP,El Omrane Superieur,,1091,,,
Tunis,TUN-OMRANESUP,Rommana,,1068,,,
Tunis,TUN-OMRANESUP,Autre,أخرى,,,,
Tunis,TUN-OUARDIA,Bellevue,,1009,,,
Tunis,TUN-OUARDIA,Borj Ali Errais,,1009,,,
Tunis,TUN-OUARDIA,Cité El Izdihar,,1009,Cite El Izdihar,oui,
Tunis,TUN-OUARDIA,Cité Mohamed Ali,,1009,Cite Mohamed Ali,oui,
Tunis,TUN-OUARDIA,Dibouzville,,1009,,,
Tunis,TUN-OUARDIA,El Ouerdia,,1009,,,
Tunis,TUN-OUARDIA,Lakagnia,,1009,,,
Tunis,TUN-OUARDIA,Les Martyrs,,1009,,,
Tunis,TUN-OUARDIA,Mathul De Ville,,1009,,,
Tunis,TUN-OUARDIA,Monhomme,,1009,,,
Tunis,TUN-OUARDIA,Autre,أخرى,,,,
Tunis,TUN-SIDIBECHIR,Abou El Kacem Chebbi,,1089,,,
Tunis,TUN-SIDIBECHIR,Bab Alioua,,1089,,,
Tunis,TUN-SIDIBECHIR,Bab El Falla,,1027,,,
Tunis,TUN-SIDIBECHIR,El Gourjani,,1089,,,
Tunis,TUN-SIDIBECHIR,Essaida Mannoubia,,1089,,,
Tunis,TUN-SIDIBECHIR,Maakel EzzaÂ¤M,,1008,,,
Tunis,TUN-SIDIBECHIR,Monfleury,,1089,,,
Tunis,TUN-SIDIBECHIR,Saida Manoubia,,1089,,,
Tunis,TUN-SIDIBECHIR,Sidi El Bechir,,1089,,,
Tunis,TUN-SIDIBECHIR,Sidi Mansour,,1089,,,
Tunis,TUN-SIDIBECHIR,Autre,أخرى,,,,
Tunis,TUN-SIDIHASSINE,Birine,,1095,,,
Tunis,TUN-SIDIHASSINE,Borj Chakir,,1095,,,
Tunis,TUN-SIDIHASSINE,Cité 25 Juillet,,1095,Cite 25 Juillet,,
Tunis,TUN-SIDIHASSINE,Cité 7 Novembre,,1095,Cite 7 Novembre,oui,
Tunis,TUN-SIDIHASSINE,Cité El Bettoumi,,1095,Cite El Bettoumi,,
Tunis,TUN-SIDIHASSINE,Cité El Gaafouri,,1095,Cite El Gaafouri,,
Tunis,TUN-SIDIHASSINE,Cité El Mestiri,,1095,Cite El Mestiri,,
Tunis,TUN-SIDIHASSINE,Cité Mohamed Ali,,1095,Cite Mohamed Ali,oui,
Tunis,TUN-SIDIHASSINE,Cité Mrad 1,,1095,Cite Mrad 1,oui,
Tunis,TUN-SIDIHASSINE,Cité Mrad 2,,1095,Cite Mrad 2,oui,
Tunis,TUN-SIDIHASSINE,Jayara,,1095,,,
Tunis,TUN-SIDIHASSINE,Sidi Hassine,,1095,,,
Tunis,TUN-SIDIHASSINE,Autre,أخرى,,,,
Tunis,TUN-SIJOUMI,Cité Helal,,2072,Cite Helal,,
Tunis,TUN-SIJOUMI,El Mellassine,,1007,,,
Tunis,TUN-SIJOUMI,Autre,أخرى,,,,
Tunis,TUN-TAHRIR,Cité Du Jardin,,2042,Cite Du Jardin,oui,
Tunis,TUN-TAHRIR,Cité El Ferdaous,,2042,Cite El Ferdaous,,
Tunis,TUN-TAHRIR,Cité Essadik,,2042,Cite Essadik,,
Tunis,TUN-TAHRIR,Cité Ettahrir Sup.,,2042,Cite Ettahrir Sup.,,
Tunis,TUN-TAHRIR,Ettahrir 1,,2042,,,
Tunis,TUN-TAHRIR,Ettahrir 2,,2042,,,
Tunis,TUN-TAHRIR,Ettahrir 3,,2042,,,
Tunis,TUN-TAHRIR,Autre,أخرى,,,,
Tunis,TUN-ZOUHOUR,Cité Des Officiers,,2052,Cite Des Officiers,,
Tunis,TUN-ZOUHOUR,Cité Essaada,,2052,Cite Essaada,oui,
Tunis,TUN-ZOUHOUR,Cité Essomrane,,2052,Cite Essomrane,,
Tunis,TUN-ZOUHOUR,Cité Ezzouhour,,2052,Cite Ezzouhour,,
Tunis,TUN-ZOUHOUR,Ezzouhour 4,,2052,,,
Tunis,TUN-ZOUHOUR,Autre,أخرى,,,,
